title,upvote_amount,upvote_ratio,creation_date
"Melvin Capital, hedge fund torpedoed by the GameStop frenzy, is shutting down.",20839,0.94,1652912886.0
"Elon Musk delayed his required disclosure of more than 5% of Twitter as he continued to accumulate, making him $156 million. The fine will likely be in the hundreds of thousands.",17172,0.94,1649373742.0
The best thing that can happen in your 20s and 30s is a stock market crash,9647,0.85,1651778777.0
GameStop Launches Wallet for Cryptocurrencies and NFTs,7869,0.8,1653311380.0
"Costco has no plans to change the price of its $1.50 hot dog-and-soda combo, despite record high inflation. Membership fee to remain flat.",7145,0.96,1664047110.0
Florida House passes bill to dissolve Disney’s special self-governing status,7031,0.95,1650577059.0
Elon Musk To Proceed With Twitter Deal At $54.20,6697,0.91,1664900223.0
The personal savings of Americans have plunged to a shockingly low $626 billion — from $4.85 trillion in 2020.,6536,0.95,1669432602.0
"Elon Musk says Tesla needs to cut staff by 10%, pauses all hiring",6303,0.92,1654240724.0
"GDP fell 0.9% in the second quarter, the second straight decline and a strong recession signal",6224,0.93,1659011702.0
Elon Musk offers to buy Twitter for $54.20 per share,6134,0.87,1649931972.0
Tesla faces a $7.5 billion ultimatum: Open up its charging network to rivals or be locked out...,5823,0.94,1676292293.0
There goes the neighborhood. Reddit aims for IPO this year,5711,0.93,1676462976.0
Bill Gates has half a billion dollar short position against Tesla,5373,0.92,1650717524.0
I believe WSJ is no longer a reliable source for getting accurate information to develop investment strategies.,5337,0.92,1658410936.0
Meta Is Preparing to Notify Employees of Large-Scale Layoffs This Week,5214,0.96,1667768276.0
"If Japan was an economic powerhouse and their stock market crashed and STILL hasn’t recovered decades later, how is the US different?",5174,0.89,1654368066.0
Elon Musk notifies Twitter he is terminating deal,5038,0.93,1657315826.0
AMZN crashes -18% after hours with Q3 earnings release,5020,0.95,1666901417.0
Convince me why I shouldn't believe the US stock market is rigged AND that my trading platform isn't using my data adversely against me!,4725,0.77,1669739397.0
The Fed has more money on its balance sheet (8.9 trillion) then the total value of all 401ks in the United States (7.3 trillion as of 9/21).,4665,0.92,1649257504.0
Elon Musk’s Ultimatum to Tesla Execs: Return to the Office or Get Out,4568,0.9,1654118137.0
Citigroup admits causing yesterday's flash crash,4493,0.97,1651572955.0
"Silicon Valley Bank is shut down by regulators, FDIC to protect insured deposits",4488,0.95,1678467346.0
Bed Bath & Beyond CFO plunges to death at New York's Jenga tower days after company says it would close 150 stores and cut jobs,4393,0.94,1662304485.0
Elon Musk Sells Nearly $7 Billion Worth of Tesla Stock; just months earlier he planned no further Tesla stock sales,4202,0.95,1660096741.0
Inflation comes in hot. Year over year changes is up 8.3%. Month on month change at .1%. Futures fall.,4130,0.93,1663072784.0
"AI Wars: Google stock tumbles -5% premarket as Bard AI gives wrong answer at launch event, Microsoft to incorporate ChatGPT into Bing",4127,0.95,1675865751.0
My 5yo daughter’s UGMA account is beating my own.,4121,0.93,1658512713.0
Netflix (NFLX) reported an unexpected decline in first-quarter net subscribers,4103,0.95,1650398955.0
Elon Musk Says Twitter Bid Can’t Move Forward Without More Clarity on Fake Accounts,4093,0.89,1652776613.0
Tesla hit $694 today. The first time below $700 since August 2021,4061,0.86,1652972272.0
"USD Inflation surges to 8.5% on an annual basis, highest since 1981 (according to newly released CPI Report)",4026,0.96,1649766861.0
Trading halted for multiple US banks at open,4007,0.94,1678718229.0
Reminder: Federal Reserve policymakers were actively trading stocks in 2020-2021 before selling in September-October 2021,3947,0.97,1655142202.0
Beyond Meat cuts 19% of workers including COO accused of biting man's nose in road rage incident; stock crashes,3882,0.96,1666013103.0
Twitter accepts Elon Musk’s buyout deal,3859,0.91,1650912775.0
Was the TWTR bid by Elon just a way to hide a massive sale of TSLA Stock?,3836,0.88,1657650514.0
London no longer largest European stock market - Loses crown to Paris,3842,0.95,1668427269.0
Cannabis bill passed the house 220-204,3794,0.94,1648833534.0
"Twitter just hired the ‘92 dream team of Delaware litigation, Savitt and Strine from WLRK.",3682,0.93,1657495706.0
Unsealed FBI docs reveal a flurry of calls and stock trades by Sen. Burr in early 2020,3624,0.98,1662530317.0
LPT: Don’t listen to Reddit for investing advice,3599,0.9,1670837726.0
"META to layoff 11,000 employees and freeze hiring with immediate effect",3581,0.96,1667992168.0
Friendly reminder: not everyone here is 20-30 years old and can ride the wave. People who are in retirement age should consider going cash.,3588,0.85,1652629765.0
Can someone explain why the stock market’s pumped since the worse than expected 9.1% inflation report?,3519,0.9,1657899153.0
Anyone else feel the recent rally is a fake out?,3367,0.83,1660391495.0
Elon Musk sells another huge chunk of Tesla shares,3334,0.94,1671074451.0
Elon Musk says he's 'open to the idea' of buying Silicon Valley Bank,3261,0.82,1678544468.0
"Adidas to End Kanye West Partnership After Controversies; Adidas: was “one of the most successful collaborations in our industry's history""",3179,0.93,1666690015.0
Anyone else think -29% on NFLX is a bit overdone?!?,3179,0.82,1650460429.0
"Dow drops 1,100 points for its biggest decline since 2020 as the sell-off this year on Wall Street intensifies",3136,0.95,1652904245.0
"""LOL Why Are You Getting Your Advice from Reddit?""",3134,0.91,1652025841.0
Circle K signs deal with Green Thumb Industries to sell weed at gas stations beginning next year,3062,0.96,1666179533.0
"If Reddit does IPO, stay the hell away from the stock",3057,0.94,1678241846.0
"Cathie Wood of Ark Invest just sold nearly 1.41 million shares of Coinbase $COIN, at near all-time lows of $53",3054,0.95,1658885694.0
Elon Musk tells Twitter staff he sold Tesla stock to save the social network,3035,0.95,1668136285.0
Elon Musk Says Bill Gates Has ‘Multi-Billion Dollar’ Tesla Short Position,3014,0.87,1653706877.0
"Just a reminder to all young, long term investors. You do NOT need a financial advisor. They just want your $",2995,0.89,1660715021.0
Meta has been fined $402 million by the Irish Data Protection Commission for its handling of children’s privacy settings on Instagram,2959,0.98,1662485102.0
JPMorgan Chase CEO Jamie Dimon says ‘brace yourself’ for an economic hurricane caused by the Fed,2958,0.91,1654094485.0
Breaking: SVB depositors to have access to -all- money on Monday; Fed announces new emergency bank term funding program,2898,0.93,1678659665.0
Three More Senators Violated the STOCK Act,2886,0.98,1653944170.0
White House considering sending gas rebate cards to Americans: report,2826,0.86,1655484232.0
Warren slams Jerome Powell over interest rate comments: 'I'm very worried that the Fed is going to tip this economy into recession',2814,0.88,1661741499.0
Elon Musk Sued by Investor for Delay in Disclosing His Twitter Stake,2804,0.94,1649858623.0
Silicon Valley Bank Collapse Explained in under 400 words.,2754,0.96,1678593098.0
"Tesla video promoting self driving was staged, engineer testifies",2694,0.91,1674047229.0
High-Frequency Trading (HFT) explained - The war between man and machine that extracts $billions from the market,2681,0.96,1654515648.0
Russia Defaults on Foreign Debt for First Time Since 1918,2672,0.95,1656286887.0
Markets brace for 100-point Fed rate hike as inflation roars to new high,2603,0.96,1655208281.0
Fed approves 0.75-point hike to take rates to highest since 2008 and hints at change in policy ahead,2576,0.95,1667412295.0
USA Consumer Price Index for June 2022 year-on-year is 9.1%,2567,0.95,1657715430.0
ARKK not updating their YTD return on their website. ARKK is now down 50% YTD.,2569,0.96,1651833037.0
Netflix misses earnings by 73%… what now?,2562,0.89,1674163690.0
Bob Iger has returned as CEO of $DIS,2547,0.94,1668999532.0
‘This is serious’: JPMorgan’s Jamie Dimon warns U.S. likely to tip into recession in 6 to 9 months,2520,0.88,1665419473.0
Fed hikes interest rates by 0.75 percentage point for second consecutive time to fight inflation,2503,0.96,1658945027.0
SEC charges social media influencers in alleged $100 million stock pump and dump scheme,2500,0.98,1671034771.0
Microsoft reportedly plans to invest $10 billion in creator of buzzy A.I. tool ChatGPT,2473,0.96,1673360727.0
"Consumer prices rose 8.5% in July, less than expected as inflation pressures ease a bit",2452,0.91,1660134784.0
"A friend of mine is a long term investor. He showed me one of his investments. He invested $400,000 into QQQ",2443,0.94,1661485908.0
YouTube CEO Susan Wojcicki says she’s stepping down,2421,0.95,1676567988.0
OPEC+ Agrees to Biggest Oil Production Cut Since Start of Pandemic - 2 Million Barrels Per Day,2416,0.93,1664978516.0
Fed's balance sheet spikes by almost $300 billion in a week,2418,0.96,1679012961.0
BlackRock says get ready for a recession unlike any other and 'what worked in the past won't work now',2393,0.92,1670534765.0
I Tried 4 Paid Services for Stock Selection: Here are The Results for 2021 and 2022,2393,0.97,1661855480.0
Elon Musk sells 19.5 million Tesla shares worth almost $4 billion,2384,0.96,1667960590.0
[Twitter CEO Parag Agrawal] I’m excited to share that we’re appointing @elonmusk to our board!,2380,0.89,1649162962.0
China Delays Indefinitely the Release of G.D.P. and Other Economic Statistics,2378,0.97,1666033846.0
Congress poised to pass marijuana banking reform in lame duck,2356,0.97,1670162922.0
"Jeremy Siegel: ""I think we're gonna have the second-biggest housing price decline since post WWII period over the next 12 months."" Agree?",2357,0.92,1666608868.0
"Mercedes EV Breaks 1,000-Kilometer Range Barrier to Outdo Tesla",2345,0.96,1649998259.0
GameStop transacts over $1.7M in the first 24 hours of debuting its NFT marketplace,2339,0.86,1657661546.0
Netflix lays off 300 more employees as revenue growth slows,2282,0.97,1656010194.0
Do you hold cr*pto on Coinbase? Your assets could be seized to satisfy creditors in the event of COIN's bankruptcy.,2239,0.9,1652285134.0
"PayPal to lay off 2,000 employees in coming weeks, about 7% of workforce",2225,0.97,1675194103.0
Congress sends first cannabis bill to Biden's Desk,2214,0.97,1668650733.0
October CPI rose 7.7% over the last 12 months vs the expected 7.9%,2197,0.92,1668087071.0
Jaw dropping: UK inflation hits highest level in 40 years at 11.1 per cent,2198,0.97,1668585311.0
"If the Twitter board of directors have a fiduciary duty to do what is best for Twitter shareholders, why are they rejecting Musk's bid?",2158,0.81,1650312627.0
Disney's Granddaughter Poised to Mount Shareholder Battle Over Disney CEO Bob Chapek’s $32.5 Million Salary,2148,0.97,1656362562.0
Beyond Meat (BYND) COO Arrested for Biting Man’s Nose After College Football Game,2146,0.96,1663660871.0
"Google Cutting 12,000 Jobs in 6% Slash to Global Workforce",2121,0.96,1674210870.0
"Amazon, Alphabet, and a lot of stocks well known are hitting lows, some not seen since March 2020",2105,0.92,1667495000.0
I cancelled my membership with Motley Fool today. Their marketing made me do it.,2095,0.93,1650650804.0
"Microsoft to cut 11,000 jobs across several divisions",2084,0.96,1673987702.0
They're actually re-opening the Russian Stock Market 24 March,2090,0.96,1648072186.0
"Elon Musk decides not to join Twitter board, says CEO Parag Agrawal",2089,0.94,1649648028.0
Tesla officially makes its charging standard available to other companies in the U.S.,2076,0.96,1668295064.0
"Mark Cuban says Elon Musk is 'f--king with the SEC,' thinks Twitter will 'do everything possible not to sell'",2077,0.97,1650092594.0
"Ford Confirms Layoffs, Says It Is Cutting About 3,000 Jobs",2070,0.96,1661181226.0
Can we stop posting about index funds and move towards stocks,2078,0.86,1653188159.0
"Carvana lays off 1,500 employees (8% of total) following stock freefall",2064,0.97,1668799605.0
Shopify company analysis and valuation - 80% down and still expensive? ($SHOP),2054,0.98,1653213543.0
December jobs blowout: +517k added (vs +187k expected); unemployment rate hits 3.4%,2047,0.93,1675431235.0
"Disney to Begin Layoffs, Targeted Hiring Freeze and Limiting Travel",2046,0.97,1668210914.0
Apple Ditches iPhone Production Increase After Demand Falters,2029,0.93,1664329399.0
Twitter will be delisted from the New York Stock Exchange on November 8,1989,0.96,1667009758.0
"Tesla exaggerated driving ranges, supercharger performance, and fuel cost-effectiveness.",1991,0.85,1672853218.0
"Those who were on the internet in 2008, were there this many people talking about a recession before it happened?",1984,0.92,1661911451.0
The Inverse Jim Cramer ETF Has Officially Arrived,1964,0.95,1677789673.0
Parted with TSLA this week after holding for 5 years. Here's why.,1963,0.83,1671850615.0
"Historically, every downturn for BIG TECH has been a great buying opportunity.",1957,0.9,1651252085.0
"If You Are under 50 -- This is a great time for you. Over 50, don't get depressed, just change your strategy and Invest more.",1946,0.87,1673077761.0
Amazon Becomes World’s First Public Company to Lose $1 Trillion in Market Value,1941,0.97,1668037702.0
"Fed’s Powell, in blunt remarks at Jackson Hole, says bringing down inflation will cause pain to households and businesses",1940,0.95,1661523929.0
"Balance Sheet is $9,000,000,000,000 and Fractional Reserve Banking Has Ended",1944,0.88,1663204027.0
CPI 8.2% for the month of September (vs 8.1% expected),1936,0.92,1665664296.0
"Google misses on expectations as YouTube ad revenue comes up short, stock down 5%",1909,0.95,1666729292.0
Could Elon Musk in effect bankrupt himself if he loses the Tesla Options case and gets Margin called?,1889,0.9,1671580348.0
"Dutch inflation leaps to 17%, boosted by high energy prices",1879,0.98,1664519582.0
"Fed hikes its benchmark interest rate by three-quarters of a point, the biggest increase since 1994",1863,0.97,1655316183.0
Apple today is a good example why the markets are so hard.,1855,0.93,1666981859.0
Top Federal Reserve officials say they misread inflation and now plan to correct the course,1835,0.95,1658928919.0
Sec Yellen: No Federal Bailouts for SVB,1826,0.95,1678635340.0
Wall Street is torn on whether the stock market will crash or soar 20% ahead of next week's Fed meeting. Here's where 6 experts stand.,1821,0.93,1663496348.0
"Payrolls increased 528,000 in July, much better than expected in a sign of strength for jobs market",1817,0.91,1659703000.0
Sen. Warren warns Fed Chair Powell not to 'drive this economy off a cliff',1809,0.92,1655908891.0
The Fed's emergency loan program may inject $2 trillion into the US banking system and ease the liquidity crunch- JPMorgan Chase.,1808,0.94,1678972940.0
"U.S. GDP rose 2.9% in the fourth quarter, more than expected even as recession fears loom",1804,0.93,1674740616.0
"The stock market is the greatest tool to build wealth, if you're patient.",1807,0.88,1651401953.0
Finally about to hit my first 100k,1805,0.9,1675002778.0
These 10 companies face huge tax bills with the Democrats new 15% minimum corporate tax,1808,0.92,1659893546.0
After listening to Bloomberg radio all this week I can report to you that the smart people believe the economy is headed south,1796,0.85,1660963635.0
The 10y-3m spread finally turned negative today suggesting recession is now imminent,1798,0.92,1666230722.0
JPM and Morgan Stanley miss earnings,1793,0.97,1657799744.0
"Used Truck Prices Plummeting--Inflation Will Fall Quickly, not Slowly",1792,0.91,1655673256.0
For everyone who asked what the risk was buying Twitter shares ahead of the Elon musk takeover,1776,0.94,1652436570.0
Goldman Sachs' profit falls 47%,1757,0.94,1658146733.0
Fed Chair Powell says smaller interest rate hikes could start in December,1764,0.95,1669833873.0
Microsoft limits Bing A.I. chats after the chatbot had some unsettling conversations,1751,0.96,1676686708.0
Walmart Lays off hundreds of corporate workers - warning of falling profits going forward,1749,0.97,1659559188.0
"FED Changes Q2 Job Growth Estimate From 1,121,500 Down to 10,500. An Unbelievable 10,600% Difference.",1722,0.87,1671275843.0
"US sanctions on Chinese semiconductors ‘decapitate’ industry, experts say",1718,0.94,1665955836.0
"Adidas said it will propose an annual dividend of $0.74, down from $3.48 per share in 2021, a cut of nearly 80%",1708,0.97,1678319207.0
Can someone convince me stocks aren't a ponzi scheme?,1701,0.77,1669495949.0
"America is running out of baby formula because 3 companies (ABT, RBGLY, and NSRGY) control the market and babies aren’t that profitable",1695,0.91,1652658058.0
Meta’s Zuckerberg Sued by D.C. Attorney General Over Cambridge Analytica Data Breach,1689,0.97,1653404059.0
Too many people here are now bullish on oil -- you know what that means.,1692,0.92,1655042549.0
Tesla Converts 75% of Bitcoin Bet Back to Fiat Currency,1689,0.95,1658353264.0
Boeing shares in free fall,1687,0.84,1647854281.0
Google announces Bard A.I. in response to ChatGPT,1682,0.95,1675718450.0
Musk Promises Not To Sell More Tesla Stock—But He’s Broken Vow Before,1684,0.87,1671965913.0
Tesla Investors Voice Concern Over Elon Musk’s Focus on Twitter,1651,0.92,1670985601.0
The Fed Stopped Buying MBS Today.,1640,0.94,1663328911.0
Elon Musk says an IPO of SpaceX’s Starlink satellite internet business is still 3 or 4 years away,1630,0.92,1654698148.0
Toyota Chief Says ‘Silent Majority’ Has Doubts About Pursuing Only EVs,1631,0.93,1671421269.0
Earnings expectations are getting worse! Morgan Stanley warns stocks could fall another 10%,1611,0.94,1653397256.0
Elon Musk sued for $258 billion over alleged Dogecoin pyramid scheme,1614,0.89,1655474245.0
Ex-Twitter security head claims company misled regulators on bot accounts - reports,1581,0.92,1661264584.0
"Tiger Global drops 14% in May during the tech sell-off, pushing hedge fund’s YTD losses to over 50%",1580,0.97,1654178798.0
"Massive chunk of $70 strike call options bought in Zendesk YESTERDAY, ONE DAY before buyout and rally. DEFINITELY an insider trade.",1551,0.96,1656096859.0
Conditions Are Ripe for a Deep Bear Market,1537,0.86,1653895267.0
"Fed raises rates a quarter point, expects ‘ongoing’ increases",1533,0.95,1675278130.0
China quashes hopes of re-opening as health officials announce they will stick 'unswervingly' to zero-Covid policy,1530,0.96,1667664977.0
"Fed officials expect higher rates to stay in place, meeting minutes show",1533,0.96,1665598099.0
U.S. House speaker Pelosi discloses trades in Apple and Microsoft,1519,0.96,1654550647.0
November CPI rose 7.1% over the last 12 months vs the expected 7.3%,1514,0.93,1670938248.0
Parent company of Silicon Valley Bank files for bankruptcy,1507,0.98,1679066817.0
"It seems Facebook is dying, for real this time ... The problem is that the evidence just doesn’t support this point of view.",1502,0.91,1667238475.0
"Alibaba, Tencent plunge as Hang Seng sinks below 16,000-mark after China’s leadership reshuffle leaves no market reformists on board",1472,0.98,1666591986.0
Tesla EV deliveries fall nearly 18% in second quarter following China factory shutdown,1466,0.94,1656801605.0
"The Regulators of Facebook, Google and Amazon Also Invest in the Companies’ Stocks",1463,0.97,1665756688.0
Why is the market rising with CPI at 9.1%?,1463,0.92,1657734723.0
Apple tells employees it's increasing its annual compensation budget,1461,0.97,1653533312.0
"The stock market could surge 18% to new highs by year-end as the 2022 bear market is over, Fundstrat says",1455,0.8,1659323170.0
US tech sector sees highest job cuts in May since Dec. 2020 as slowing demand force companies to cut corners,1438,0.97,1654434526.0
"Hertz to buy up to 65,000 electric vehicles from Tesla rival Polestar",1440,0.95,1649116387.0
My 5 year old Beat my Returns Again in 2022.,1432,0.95,1672603588.0
For a reminder: We are just 13% off the ATH on the S&P500,1432,0.9,1651334899.0
"Elon Musk’s tweets about taking Tesla private in 2018 were false, new court filing says",1428,0.89,1650248873.0
Intel Cuts Dividend by 66%. Reiterates Forecast.,1423,0.96,1677072094.0
Five Chinese state-owned companies to delist from NYSE,1422,0.97,1660308167.0
"Fed Hikes Rates Half-Point, Will Shrink Assets to Curb Inflation",1419,0.96,1651688871.0
Water will out perform your 401K,1417,0.92,1660795454.0
Fed’s Bullard says rate hikes have had ‘only limited effects’ on inflation so far. Says funds rate upper bound could be closer to 7%.,1413,0.95,1668691943.0
ARK Invest’s Cathie Wood says the U.S. is already in a recession,1401,0.87,1656420701.0
"GameStop CFO is leaving the company, retailer announces layoffs",1397,0.82,1657226903.0
is Credit Suisse the new Lehmann brothers??,1397,0.93,1664782768.0
WSJ: Fed Set to Raise Rates by 0.75 Point and Debate Size of Future Hikes in November,1399,0.95,1666357681.0
"Breaking: Real GDP decreased at an annual rate of 1.6% in the first quarter of 2022, missing estimate of -1.5%",1393,0.95,1656507313.0
My 58-year-old father put his entire 401k into Tesla stock. How do you explain the volatility risk and lack of diversification to a parent?,1384,0.94,1678290244.0
Biden may invoke Defense Production Act to mine more minerals for EV batteries,1381,0.94,1648677478.0
"Expect more stocks pain if markets keep betting on rate cuts, says the Fed",1375,0.94,1672925722.0
This sub perfectly encapsulates why you can’t beat the market.,1369,0.9,1664877276.0
"U.S. inflation rate slows again to 15-month low, PCE shows",1367,0.93,1674826995.0
JP Morgan economists see no Recession seen in future??,1367,0.91,1656598862.0
Coinbase lays off 18% of workforce as executives prepare for recession and ‘crypto winter’,1361,0.98,1655212756.0
Blackstone CEO Schwarzman Collected Record $1.27 Billion in 2022,1352,0.95,1677279650.0
"JPMorgan shutters website it paid $175 million for, accuses founder of inventing millions of accounts",1345,0.98,1673551269.0
"U.S. GDP accelerated at 2.6% pace in Q3, better than expected as growth turns positive",1344,0.94,1666874056.0
"Market jump after Fed rate hike is a ‘trap,’ Morgan Stanley’s Mike Wilson warns investors",1337,0.9,1660503725.0
Adani Stocks Drop after Hindenburg Research claims Largest Corporate Fraud in History,1334,0.97,1674624833.0
"UK inflation jumps to a 30-year high of 6.2%, intensifying the cost-of-living crisis (Business Insider)",1332,0.97,1648032322.0
"Biden Proposal Could Lead to Employee Status for Gig Workers, UBER/LYFT crushed -13%",1322,0.96,1665497856.0
Is it finally time to sell $TSLA (from a person that is up 300%),1320,0.86,1667948818.0
Ark Invest’s Cathie Wood gives up portfolio manager role at two of firm's ETFs,1313,0.96,1663877106.0
10-year Treasury yield tops 4.2% for first time since 2008,1300,0.97,1666316019.0
Apple has accelerated plans to shift some of its production outside China,1298,0.96,1670109237.0
Sundar Pichai (Google's CEO) has to go and someone more competent should take over.,1282,0.8,1674411068.0
Inflation leaves 60% of Americans living paycheck to paycheck,1278,0.95,1664912721.0
Alphabet (Earnings per share: $1.21 vs $1.28 expected) (Revenue: $69.69 billion vs $69.9 billion expected),1278,0.94,1658866254.0
Three good stocks for the rest of you life,1273,0.91,1648249186.0
FTC likely to file lawsuit to block Microsoft's $69 bln bid for Activision,1279,0.96,1669245946.0
"Nvidia earnings fall short, Q3 forecast misses by $1 billion",1263,0.97,1661374923.0
"BlackRock Announces Partnership With Coinbase Amid Industry Turmoil, Coinbase shares soar 26%",1263,0.94,1659622756.0
Michael Burry sold all but one of his stocks last quarter - excluding his Apple puts,1259,0.91,1660579599.0
China’s Stimulus Tops $5 Trillion as Covid Zero Hits Economy,1252,0.96,1653040830.0
A leaked document from Google shows they believe Wall Street is too bullish on Microsoft’s Azure business,1247,0.91,1671634039.0
Reminder that DCA is the only way - your time is the ultimate cost,1244,0.88,1647719024.0
"""79% of U.S. buyers would only buy a car if it supported CarPlay""",1244,0.78,1658616763.0
Why wouldn't Norfolk Southern Railway Corporations stock plummet after the Toxic Spill ecological disaster they caused?,1240,0.97,1676566243.0
Google CEO defends job cuts in animated town hall as employees demand clarity on process,1241,0.96,1674590782.0
Credit Suisse receives 50 billion franc loan facility from Swiss National Bank,1238,0.97,1678928766.0
Apple Nabs Key Lamborghini Executive to Work on Its Electric Car,1233,0.95,1659351803.0
"Tesla, Google, Apple, Amazon, Spotify.. what’s the next stock of a decade?",1235,0.87,1648165336.0
Apple down 20%+…,1230,0.92,1672779831.0
Is Tesla's stock valuation going to be tied to the success of Twitter?,1221,0.92,1667879241.0
NVDA: another painful lesson in selling,1220,0.9,1677171967.0
Wells Fargo agrees to $3.7 billion settlement with Consumer Financial Protection Bureau over consumer abuses,1215,0.97,1671549560.0
Nvidia pays $5.5 million for allegedly hiding how many gaming GPUs were sold to crypto miners,1198,0.96,1651918855.0
Apple's business is simply an earnings machine. ROC comparison: Apple (23.7%) vs. Alphabet (12.3%) vs. Amazon (5.7%),1197,0.95,1674316790.0
China Summons Chip Firms for Emergency Talks After US Curbs,1190,0.97,1666267904.0
The Fed's overnight RRP just hit another record - $2.2 Trillion. Where is this leading?,1191,0.95,1655924111.0
It has been nearly 3 years since the first case of COVID was discovered. What’s the biggest investing lesson you learned since then?,1176,0.93,1669662658.0
"Facebook scrambles to escape stock’s death spiral as users flee, sales drop",1175,0.93,1664593516.0
Maybe the worst PR week for Elon and Tesla ever ? This is good for TSLA,1172,0.81,1653241319.0
Tesla stock pops after plans to enable another stock split,1165,0.95,1648468622.0
"Rookie Traders Are Calling It Quits, and Their Families Are Thrilled",1150,0.78,1672675898.0
"Credit Suisse delays annual report after SEC call, shares drop",1156,0.97,1678362950.0
Target posts terrible earnings following Walmart,1148,0.96,1668600234.0
"PSA: Yahoo Finance ""Largest 52 Week Losses"" a graveyard of past Reddit favorites",1135,0.93,1661427911.0
"Advanced Micro Devices Q1 Adj. EPS $1.13 Beats $0.91 Estimate, Sales $5.89B Beat $5.52B Estimate",1140,0.97,1651609018.0
"Morgan Stanley says SPX could fall a further 23% to 2,900. Do you agree?",1135,0.91,1655903452.0
Ripple Effect :: Ford’s job cuts are just the beginning of another EV earthquake,1137,0.94,1661346665.0
FCC Threatens to Disconnect Twilio for Illegal Robocalls,1130,0.98,1675046580.0
At what point we can consider Tesla stock bag holding?,1128,0.82,1671118358.0
why not just make my portfolio 100% VOO?,1134,0.93,1675676177.0
Tesla stock falls more than 5% after hours as Investor Day falls short on detail,1121,0.94,1677727906.0
Apple’s expected to post its first revenue decline since 2019 on Thursday,1117,0.97,1675128939.0
The US Northeast Is Hurtling Toward a Winter Heating Crisis,1122,0.92,1667832785.0
"Payrolls rose 315,000 in August as companies keep up hiring pace",1116,0.94,1662122243.0
Meta Is Said to Plan Thousands More Layoffs as Soon as This Week,1122,0.96,1678156923.0
Cathie Wood's Main ETF Closes at Five-Year Low in 78% Drop From Record,1118,0.97,1665800914.0
Amazon Is Said to Plan to Lay Off Thousands of Employees this week,1117,0.97,1668441635.0
Do you think TSLA might break below this year’s low at $620?,1116,0.92,1656522866.0
Don't Be Fooled. This Environment has no Historical Precedent,1115,0.94,1650829704.0
"Europe's energy crisis could deliver a $400 million trading profit for Volkswagen from early hedges on natural gas, report says",1109,0.98,1663415816.0
"Fed officials see smaller rate hikes coming ‘soon,’ minutes show",1107,0.96,1669230191.0
"US Will Dodge Recession and Markets Will Rally,",1102,0.86,1673626207.0
Netflix lays off 150 employees as the streaming service contends with big subscriber losses,1101,0.96,1652812547.0
"[CNBC] Wholesale prices rose 0.2% in October, less than expected, as inflation eases",1096,0.94,1668519274.0
"Peter Lynch: ""If you spend 14 minutes a year on economics, you've wasted 12 minutes.""",1094,0.94,1664629855.0
"Warren and Charlie always talk about ""producing something"", so what exactly do they produce aside from taking money from companies they buy?",1095,0.89,1656775517.0
Microsoft Bets Big on the Creator of ChatGPT in Race to Dominate A.I.,1090,0.96,1673612228.0
Netflix is the worst FAANGM investment and it's getting worse,1089,0.9,1673452165.0
January CPI rose 6.4% over the last 12 months vs the expected 6.2%,1083,0.93,1676381822.0
"Chevron announces $75 billion stock buyback, dividend boost",1080,0.96,1674696856.0
"Moderna, Merck cancer vaccine combo cuts melanoma recurrence by 44%",1072,0.96,1670945689.0
For everyone saying we’re out of the bear market,1065,0.88,1656118580.0
Elon Musk’s Twitter Buyout Offer Is Turning More Serious,1063,0.93,1650885966.0
"May’s CPI data was 8.6% SPY crashes 50 points for a whole week, June’s was worse at 9.1% but SPY then rebounds and goes higher within a day.",1065,0.88,1658097968.0
I sold all my growth and high risk stocks to tax loss harvest Dec 23-28. And feel horrible as the market has had a massive rally since then.,1058,0.86,1673713363.0
Tesla Falls Most Since June as Quarterly Deliveries Disappoint,1055,0.96,1664822839.0
Invested everything in $QQQ in Nov 2021. Down 30%.,1042,0.79,1652866095.0
Meta announces Twitter Blue-like paid verification subscription service,1038,0.93,1676831131.0
Musk and Twitter are being sued to stop their deal.,1042,0.83,1651878939.0
I (20m) have been aggressively dumping half my income into the stock market for the past year. Am I just digging myself into a hole?,1034,0.9,1651282042.0
European Stock Market Flash Crash This Morning,1036,0.97,1651491965.0
"Walmart (WMT) just lowered profit outlook for Q2, 2023",1027,0.96,1658780824.0
Target shares fall as it expects squeezed profits from aggressive plan to get rid of unwanted inventory,1028,0.98,1654603610.0
Peloton to Cut 500 More Jobs in Last Bid for Turnaround,1023,0.96,1665060225.0
Can someone eli5 why the fed wants high unemployment and low wage growth to keep inflation in check?,1021,0.81,1667569118.0
SVB collapse was driven by 'the first Twitter-fueled bank run',1018,0.86,1678839130.0
"Investing $600K for My 87 YO Father, but . . .",1017,0.9,1672155191.0
"Amazon is shutting down its telehealth service, Amazon Care",1018,0.95,1661428553.0
"Tesla delivers 310,048 electric vehicles in the first quarter, below analyst estimates",1010,0.86,1648917276.0
Why would anybody buy anything before Jerome opens his mouth next Tuesday/Wednesday? You know it's going lower,1005,0.86,1663259826.0
Why Inflation Has Most Likely Peaked according to this BLS Analyst: Joseph Politano,1009,0.86,1652541312.0
"The S&P 500 is now in an official bear market, according to S&P Dow Jones Indices",989,0.98,1655151133.0
"Inflation gauge increased 0.4% in February, as expected and up 6% from a year ago",984,0.96,1678797596.0
"Welcome To The Recession: Atlanta Fed Slashes Q2 GDP To -1%, Pushing First Half Into Contraction",982,0.95,1656616668.0
Shares of Facebook parent Meta jumped in extended trading on Wednesday after the company reported earnings that topped estimates,980,0.92,1651090792.0
Taking my L’s and moving on.,977,0.93,1669066576.0
why is Cathie Wood still relevant?,974,0.87,1675545742.0
"Retail investors are buying more Tesla stock ($TSLA) than Apple, Meta, Microsoft, Alphabet, Netflix, Nvidia, & AMD *combined* (Source: WSJ)",978,0.91,1674481993.0
"Disney slashing 7000 jobs, reorganizing",980,0.98,1675894034.0
"Cathy Wood buys 350k shares of coinbase on Thursday, right before the 10% sell off today",974,0.97,1678476232.0
A deep dive into who actually buys Teslas,973,0.86,1653257250.0
"The ten worst years for the 60/40 portfolio, and where we are now.",974,0.97,1657891265.0
"Is there any bullish argument for Twitter? I kinda see it as a ""boomer stock"" that is actually losing money.",970,0.84,1657385204.0
The Official Academic Study saying 186 banks at at risk of failure. Saved you a click.,972,0.94,1679104905.0
“Tim in the market is better than timing the market”. Is it true?,966,0.79,1649008716.0
"Bank of England raises UK interest rate by 0.75 points, now at highest level in 33 years",946,0.95,1667478136.0
Bank of England Launches Emergency Bond-Buying Scheme,946,0.99,1664364526.0
Netflix is down ~20% since it was reported that Bill Ackman sold his position on April 21,939,0.94,1652193787.0
The GME dividend stock split and you.,937,0.87,1648772879.0
"In the 2040's and beyond, November 2021 will be remembered as the pop of the Second Tech Bubble.",935,0.85,1668558692.0
"Key Fed inflation measure rose 0.6% in January, more than expected",929,0.95,1677247806.0
"FED chair Jerome Powell said ""...it is very premature to think about or talk about pausing rate hikes...we have a long way to go...""",935,0.97,1667434960.0
"$NVDA slashes earnings guidance, stock down -8% pre-market",937,0.96,1659964107.0
"Morgan Stanley warns stock market rally will likely be short lived S&P 500 could fall 18% from current levels, Morgan Stanley warns",929,0.89,1654049331.0
Salesforce to cut staff by 10%,927,0.97,1672835549.0
Saudi Arabia Becomes The First Nation To Recognize The Microsoft Acquisition Of Activision Blizzard,927,0.84,1661120067.0
Investors beware: Fed Chair Jerome Powell's comments this week could spark a major tech sell-off,929,0.91,1678201149.0
Tech Stocks Are Absurdly Cheap Now: putting my money where my mouth is,926,0.85,1650515580.0
Twitter wins first round as Judge sided with them in case against Musk as trial will start in October.,923,0.9,1658250921.0
Stocks are rising despite US durable-goods orders sink 2.2% and break the winning streak...Are we missing something here?,929,0.93,1648130925.0
Biden to hit China with broader curbs on U.S. chip and tool exports,919,0.95,1662950594.0
Anyone familiar with sex toys companies listed on the stock exchange?,920,0.88,1649325406.0
Stocks are down a lot of right now and will go back up when the economy is better. Does that mean we should just buy high-growth tech stocks,921,0.89,1662225502.0
TWTR closes below its price prior to Elon Musk announcing he was a shareholder,921,0.96,1652731877.0
"Forgot to report miniscule gains, what are the consequences?",905,0.92,1649618540.0
Those who faced 2008’s recession. What preparation helped you to ride the storm?,908,0.94,1668969995.0
"How will a possible TikTok ban impact META, SNAP and other companies banned in China?",906,0.91,1668359886.0
The stock market in general is relatively new. What’s going to happen in 100 years when people start investing?,904,0.78,1653850743.0
"Amazon to Lay Off Over 17,000 Workers, More Than First Planned",898,0.97,1672875621.0
Bloomberg: US Producer Prices Fall for First Time Since Early in Pandemic,898,0.97,1660222631.0
Theoretically what would happen if fed raised rates by 5.0% at once this week?,894,0.92,1655018325.0
Why is whole europe doing way worse than USA for years?,892,0.92,1665340835.0
US Jobless claims rise to new 8-month high,885,0.96,1660245504.0
Bloomberg: Credit Market Cracks Widen as Distressed Debt Nears $650 Billion,890,0.92,1672320302.0
"Tesla plans reduced Shanghai production through January, down 5% in premarket trading",885,0.93,1672147453.0
Visa earnings and revenue beats estimates. Dividend increased by 20%,882,0.98,1666791819.0
"Apple (AAPL.US) continues to increase financial services, and its subsidiaries will provide loans in the future",886,0.96,1654740141.0
I invested 75k at market close today! Thoughts?,879,0.82,1650661656.0
"Disney ($DIS) subscriber growth blows past estimates, as company beats on top and bottom line",871,0.81,1660163455.0
U.S. Senate votes to move ahead on chip bill to compete with China,871,0.98,1658285534.0
"Meta and Alphabet lose dominance over US digital ads market as TikTok, Amazon, Microsoft and Apple take market share.",874,0.95,1672095453.0
Interesting thing I noticed about META,870,0.9,1670422722.0
"IT'S NOT ABOUT APPL, MSFT, GOOGL, AMD and TSLA",868,0.77,1659891632.0
AAPL is at 52-week low!,866,0.88,1671738101.0
Anyone holding cash have a FOMO for the recent rally in the market?,865,0.91,1648503074.0
Would a Chinese invasion of Taiwan bring the Tech stocks to their knees?,863,0.85,1676912487.0
Everyone saying HD (Home Depot) is a good buy may be a sign it's actually not a good buy,863,0.91,1648745877.0
What if I bought Google stocks after July 1 and before July 15?,854,0.9,1657056771.0
The US Treasury Yield Curve Recession Indicator is Flashing Red,855,0.9,1669058399.0
"Today at 2:02pm VIX spiked to 30.18 and halted for 5 minutes. VIX, the volatility index got halted because it got too volatile. What?",848,0.97,1663802767.0
"Monthly CPI declines .1% in December, now 6.5% YoY",842,0.92,1673530349.0
I SOLD AAPL :(,833,0.85,1660765551.0
"Be honest, how many of you are ACTUALLY beating the market this year?",835,0.91,1649233596.0
What was the most Ridiculous Valuation of a Stock in your lifetime?,832,0.89,1668746242.0
"Is it ""difficult"" for the U.S. economy to make a soft landing? Goldman Sachs: 35% chance of recession within two years",830,0.94,1650283766.0
The Stock market is now entering its best three-month period of the calendar year.,827,0.87,1664624100.0
JPMorgan Chase wants to disrupt the rent check and money order with its payments platform for landlords and tenants,822,0.92,1667221612.0
SNAP crashes -20% AH after release of Q3 earnings,818,0.96,1666296934.0
"Fed’s Kashkari ""surprised by markets’ interpretation"" and says officials are ""a long way"" from backing off inflation fight.",817,0.93,1659273902.0
Amazon to Buy Roomba-Maker IRobot for $1.65 Billion,816,0.97,1659708077.0
Will the American consumer considerably slow their spending in the next 1-2 quarters?,815,0.94,1669314228.0
So here we are 3 years after. The 21st of February 2020 the markets started to decline following the bad news coming from China about COVID,800,0.95,1677008432.0
Will SVB survive the day?,808,0.94,1678452919.0
"If not Tesla, then what else fancies you in the electric car market?",800,0.89,1669599545.0
"Tesla produces 100,000 cars a month in Giga Shanghai for the first time ever.",798,0.83,1670268347.0
SNAP CEO Evan Spiegel preannounces a miss of current quarter guidance just a month after previous earnings report,795,0.97,1653342366.0
Is Anyone Actually Bullish Right Now?,787,0.91,1663433864.0
Twitter Counters a Musk Takeover With a Plan to Thwart the Bid,777,0.95,1650047035.0
Robinhood margin interest rate has increased from 4.25% to 5% from July 28,774,0.87,1659201034.0
Costco down almost 10% at open today.,778,0.97,1652881679.0
Alphabet earnings are out – here are the numbers,768,0.97,1651003687.0
3M Co. may face more than $100 billion in losses and potential bankruptcy due to faulty earplugs,767,0.87,1660700738.0
Buying the Stock-Market Dip Is Backfiring This Year,753,0.8,1664116047.0
Are we finally into the fear stage?,747,0.91,1664674022.0
Google is a better long term hold than Microsoft.,747,0.71,1654480096.0
The stock market hasn’t priced in a recession just yet... the S&P 500 could fall another 23%,745,0.84,1655841403.0
Please stop recommending overcomplicated combinations of ETFs to new investors. It doesn't have to be that hard!,750,0.94,1652076704.0
"If you bought Facebook at IPO and held, you would have made only 171% gains",743,0.9,1666853998.0
Apple to source chips from Arizona starting in 2024,736,0.96,1668574559.0
"The chip boom likely over, as Micron says it’s in a ‘downturn’",731,0.95,1656678889.0
"Tesla cuts prices in China, other Asian markets as sales falter",725,0.94,1672999848.0
BREAKING - Goldman Sachs no longer expects the Fed to hike rates as the March meeting,725,0.92,1678677220.0
Roku announced they are unsure how much they will be able to recover from assets with Silicon Valley Bank,715,0.98,1678490492.0
"A pretty grim question, but when news of Warren Buffett passes away, will BRKA/B take a massive hit?",716,0.91,1647788958.0
How to Read (and understand) the 4 Financial Statements:,714,0.97,1677026734.0
Twitter Musk deal on hold... he likely thinks its too expensive,711,0.93,1652444225.0
Nvidia Vs AMD Vs Intel,709,0.94,1659442136.0
"One year ago, I wrote a bear case for AMD. Let's review.",713,0.79,1648964185.0
Cathie Wood Goes On Coinbase Buying Spree as Wall Street Sours,707,0.94,1669085648.0
Microsoft shares rise on better-than-expected earnings and revenue,704,0.92,1674594593.0
"Tesla has diverged from the broader market in the past 6 months, leading to strong outperformance. What gives?",707,0.91,1663676729.0
Nvidia files mixed shelf offering of up to $10 bln,706,0.96,1677623873.0
Why do people think AMZN will keep growing?,707,0.86,1667170403.0
Nvidia seeks approval to double authorized shares to 8 billion,705,0.96,1649456360.0
Just Stop Trading,705,0.89,1652377280.0
Etsy Sellers Start Strike Over Rising Transaction Fees,701,0.96,1649691699.0
Household Debt Surges By $394 B - Largest In 20 Years,701,0.93,1676611536.0
Netflix Q3 earnings beat with streamer adding 2.4M subscribers,702,0.95,1666124438.0
Why mad when META is down 73% while AMD with 32% growth is down by 60%,699,0.91,1667863631.0
"Nvidia hits P/E of 140, double the P/E they had during the combined covid & crypto peak when the stock was trading at 300 dollars.",700,0.96,1678977707.0
Today Jim Cramer on CNBC told readers to sell growth stocks such as FAANG,693,0.91,1650068383.0
Yahoo Finance News has the best headlines,696,0.92,1664295752.0
"During the crypto crash in 2018, Nvidia had 4 straight quarters of negative YoY revenue growth",694,0.95,1655099079.0
Reddit Survival Guide: Common Misconceptions About Investing,693,0.93,1658452550.0
China to End Big Tech Regulation and Support Big Tech,691,0.88,1651219158.0
Fed raises interest rates half a point to highest level in 15 years,690,0.97,1671044583.0
Nvidia revenue falls 17% but data center growth remains strong,680,0.97,1668634983.0
Where would we be if Covid never happened?,676,0.87,1670024234.0
BlackRock: ‘We’re not buying the dip’,682,0.96,1655215894.0
Teslas become the best selling cars in California,678,0.85,1660178020.0
Google is panicking! Google Calls In Help From Larry Page and Sergey Brin for A.I. Fight,667,0.89,1674337122.0
Anybody Actually Up Since November of Last year?,674,0.91,1670734085.0
"Stock Investing Advice is completely worthless. There's no ""Pro-Tips"" that work in every scenario",669,0.86,1675526138.0
Bank of England's Bailey to Pension Funds: 'You've Got Three Days Left; You've Got to Get This Done' -WSJ,671,0.97,1665515321.0
How SVB got wrecked by a concept that all first-year economics students are taught — bond yields and seasonal cash flow patterns,665,0.89,1678730598.0
"Rivian sinks after the EV maker recalls 13,000 vehicles for potential steering-safety issue",664,0.97,1665412856.0
Intel stock hits a 5 year low - $33.92,669,0.97,1661188568.0
Etsy warns sellers of delay in processing payments due to Silicon Valley Bank collapse,671,0.97,1678567205.0
U.S. Debt Ceiling - Will it mirror the 2011 crash or nothing burger?,666,0.88,1673818647.0
Lululemon Athletica shares fall as it says it expects margin squeeze in fourth quarter setting holiday guidance below expectations,659,0.95,1673274141.0
Credit Suisse shares tank after Saudi backer rules out further assistance,658,0.96,1678882778.0
Is there any reason *not* to buy GOOG at this price?,660,0.9,1658600810.0
Twitter says it will sue Elon Musk after he sends letter seeking to end $44B acquisition deal,652,0.96,1657319290.0
Friendly PSA: Whether you have lost or won this year - the fact you are even investing puts you ahead of 99% of most other people.,658,0.74,1652837163.0
"TSLA plant in Monterrey, Mexico confirmed",652,0.91,1677605713.0
Bull Rally or Bull Trap?,655,0.91,1660170360.0
My company offered me a 15% discount on buying it's stock. It's called GOCO. Should I take the bite?,648,0.92,1656097092.0
Why GOOGL is no longer as innovative as before and what the future holds for it?,644,0.79,1672058902.0
Tesla goes over $1000,641,0.9,1648047638.0
"Apple already decimated Meta’s ad-tech empire. Now, it’s homing in on Facebook’s advertisers, too.",640,0.93,1662046794.0
Tesla Semi doubts,636,0.79,1669946246.0
Anybody else feeling suspicious of the last week’s pump ?,633,0.85,1647727941.0
FYI: You likely have free access to Morningstar and other investment research resources through your local library.,631,0.95,1656074769.0
"37yo with $100K in savings, should I be buying index funds in this dip, and how?",626,0.85,1655421433.0
Give me a company and I will make a Discounted Cash Flow (DCF) model.,628,0.94,1654601141.0
2023 Stock Market Dates you should know,616,0.97,1675260192.0
The Collapse of Cathie Wood and Ark ETF,618,0.9,1661694747.0
USD Inflation rose an additional 0.3% in the month of April (according to newly released CPI Report),617,0.96,1652272357.0
Robert Reich Says Fed Putting Onus Of Fighting Inflation On Wrong Group: 'It's Bad Economics ... Insane Politics',620,0.83,1673279883.0
The uranium story just got more bullish (US Seeks $4.3 Billion for Uranium to Wean Off Russia Supply),618,0.95,1654779766.0
Apple's Popularity With Gen Z Poses Challenges for Google/Android,618,0.88,1677026804.0
Any other noobs feel frozen in cash?,614,0.89,1659226968.0
2022 Stock Market Dates you should know,612,0.97,1656516720.0
Morgan Stanley: Treat Tesla like it's a Chinese tech stock until at least 2030 because of how much profit it makes there(50%). Do you agree?,615,0.92,1666698307.0
"Google CEO says he hopes to make company 20% more efficient, hints at potential cuts",607,0.96,1662563469.0
This gotta be illegal,603,0.73,1661696408.0
Traditional “Value” Stocks are arguably some of the most unsafe picks in a rising interest rate environment,603,0.84,1656953696.0
Charlie Munger says BYD is so far ahead of Tesla in China it’s almost ridiculous,603,0.87,1676501319.0
Apple earnings are out — here are the numbers,597,0.93,1675373564.0
Thinking about cashing out for down payment on my first apartment,594,0.9,1656959393.0
"AMD stock now at a ‘reasonable valuation’ after near-50% pullback, Morgan Stanley says",592,0.95,1655995679.0
Reddit ETF progress from Jan 2021 to Jan 2023,593,0.96,1674842071.0
It’s Okay.Todays 3% Loss Was Less Than Yesterdays 3% Loss…,594,0.93,1652133462.0
Turkey Halts Trading in Stock Market after $35 Billion Wipeout,590,0.97,1675858101.0
"Intel Q2 EPS $0.29 Misses $0.69 Estimate, Sales $15.30B Miss $17.92B Estimate",591,0.97,1659038703.0
Union Pacific (UNP) CEO to step down as hedge fund presses for change,581,0.96,1677459741.0
"Unwinding of the $9trillion feds balance sheet (QuAntitative tightening), housing market and bonds scenarios?",578,0.94,1663005055.0
Amazon Provides Cloud Technology for a Chinese Military Company,583,0.93,1664202354.0
Down over (-45%) on over 100 shares of NVDIA Should I be worried?,584,0.88,1656699291.0
Microsoft announces new A.I.-powered Bing homepage that you can chat with,582,0.94,1675797798.0
Meta's $9.1 R&D spend in Q3 2022,583,0.9,1667075022.0
Don't fight the fed advice,574,0.91,1662033658.0
Robinhood Introduces Investor Index to Track its Customers Top 100 Stocks,582,0.89,1662776688.0
Elon Musk sold around $4 billion worth of Tesla shares as he moved to buy Twitter,583,0.94,1651203174.0
Bill Ackman's Pershing Square has exited the entirety of its 3.1m share stake in NFLX today,582,0.97,1650496922.0
"The red flag that preceded a halving of global equities in 2000 and 2007 is back, warns Citi",573,0.85,1660044861.0
Fed Rate Increases Are Squeezing Consumer-Finance Companies,579,0.93,1670789752.0
"Legit game changer tonight: BOJ surprises with yield cap adjustment; S&P futures tank, US/Japan yields & Yen surge higher",573,0.93,1671509295.0
"I'm retired, income mostly SS, bought BYND at $93 and need advice from knowledgeable folks",570,0.91,1659974332.0
Let's talk about Credit Suisse.,567,0.89,1664727073.0
Is it now a good time to open a position in APPL with $170+?,573,0.83,1661104210.0
Schwab CEO says firm is seeing significant inflows even as stock gets hit,564,0.94,1678842629.0
What's fundamentally different about Tesla 2019 vs Tesla 2022?,567,0.8,1672210286.0
Intel Earnings Q4,569,0.95,1674771553.0
Should I invest in Meta or Amazon?,565,0.72,1667156835.0
Confused as to when the recession is actually here. When can we say Ok we are in a recession?,560,0.89,1674063579.0
"FAANG workers, can you outline how the tech correction has impacted your RSU portion of your income?",560,0.91,1667134540.0
Apple and Meta Gave User Data to Hackers Who Used Forged Legal Requests,557,0.96,1648670832.0
"Home Depot misses on revenue, issues muted outlook",562,0.95,1676981361.0
CHEQ study shows up to 12% of all traffic originating from Twitter is made up of bots.,556,0.97,1654003434.0
"Jim Cramer says ""The Bear Market is Over""",562,0.91,1648319071.0
"Tesla recalls 362,758 vehicles, says full self-driving beta software may cause crashes",550,0.84,1676571941.0
GME 2022 Q3 Earnings,546,0.84,1670448901.0
"CEO Lisa Su confirmed that AMD has been “undershipping” chips for a while now to keep CPU, GPU prices elevated",554,0.88,1675340947.0
Thoughts on buying PLTR after its bloody $1.1B loss last week?,554,0.83,1662577641.0
"What companies have the most trustworthy, consistent, and successful management in your view and why? And which have the worst?",543,0.95,1659384281.0
"October Non-farm payrolls were 261,000 with an unemployment rate of 3.7%",544,0.95,1667565493.0
"*U.S. 2-YEAR TREASURY YIELD CLIMBS TO 3.48%, HIGHEST SINCE NOV. 2007",546,0.95,1661751604.0
"Tesla has built 3 million vehicles, a third of those in China, Elon Musk says",545,0.9,1660552166.0
What stock today do you think is similar to GE or Sears? i.e. a “solid” large cap that everyone believed there was a promising future for.,546,0.96,1650133678.0
The market can stay irrational longer than you can stay solvent,536,0.88,1659560973.0
"Forget gasoline. Diesel is even more important to the modern supply chain, and we have a crisis.",539,0.95,1651954631.0
Could someone explain how trading desks at banks differ from hedge funds?,540,0.97,1663586103.0
"AMD-Powered Frontier Supercomputer Breaks the Exascale Barrier, Now Fastest in the World",539,0.96,1653941111.0
"Meta delays setting team budgets as Facebook parent plans fresh round of layoffs, Financial Times reports",540,0.97,1676159386.0
Walmart is using its thousands of stores to battle Amazon for e-commerce market share,541,0.95,1654212054.0
8 Reasons To Never Bet Against the US,542,0.84,1648258133.0
"Only 18% of Americans plan to increase their stock market investments this year, according to a survey.",534,0.91,1653495486.0
Do you think fall 2022 was the bottom or are we in for more red?,531,0.86,1674515944.0
Truss cuts go bust; the UK steps away from the edge of fiscal disaster with policy reversal,537,0.95,1664780774.0
U.S. stock futures rise after Biden hints that China tariffs could be reconsidered,531,0.95,1653308984.0
What is ONE idea or mindset you hold onto with dear life when making investment decisions? Here is mine:,535,0.91,1649590954.0
My portfolio is currently down 65%. Started to buy shares in June ‘20. Is there anyone else in the same situation? Predictions?,535,0.88,1674847238.0
"WSJ: More Auto Payments Are Late, Exposing Cracks in Consumer Credit",521,0.96,1676765441.0
"On firmly red days like these, what advice would you give to newcomers?",530,0.92,1655130646.0
"Melvin Capital to shut after heavy losses on meme stocks, market slump",519,0.96,1652928273.0
The market is pricing in a 92% chance of a 25bps hike in February,521,0.94,1673546436.0
Apple cuts iPhone 14 plus production less than 2 weeks after debut,515,0.91,1666118861.0
"Twitter halted, pending news (Bloomberg)",518,0.95,1650912850.0
Berkshire Hathaway posts quarterly loss in Q3/2022,511,0.95,1667658054.0
"Apple is gaining on Facebook and Google in online ads after iOS privacy change, report shows",518,0.95,1662440037.0
John Carmack leaving META. “… we constantly self-sabotage and squander effort … our organization is operating at half the effectiveness …”,511,0.96,1671313020.0
Musk has closed his deal with Twitter,512,0.92,1666920095.0
Goldman Sachs insiders are fuming over their CEO's use of private jets to promote his side hustle as a DJ - Is this a real problem?,509,0.93,1663915642.0
How far do you think MSFT and AAPL could fall?,509,0.92,1651954420.0
Microsoft earnings are out – here are the numbers,510,0.98,1651003916.0
I Traded 3 Opposing Strategies for 60 Days in 2022 Here’s How it Went,502,0.92,1672120931.0
"Powell Sees More ""Pain"" Ahead, Admits 'Soft Landing' Is 'Out Of Fed's Control'",507,0.96,1652389989.0
When Buying the Dip Doesn’t Work: An Analysis of the Dot-com Crash,502,0.85,1652252917.0
Warren Buffett says Berkshire owns 9.5% of Activision Blizzard shares in merger arbitrage bet,503,0.97,1651362548.0
China is making the yuan more international by opening up its bond market - but economists say the currency faces a big test,502,0.92,1661171381.0
Ford halts production and shipments of its electric F-150 Lightning due to potential battery issue,501,0.97,1676397555.0
Tesla earnings are out — here are the numbers,501,0.93,1674680972.0
"Justice Department backs antitrust bill targeting Apple, Amazon, Google",497,0.96,1648539169.0
Any ideas how these dudes turned 100K into 30 million in 4 years?,489,0.87,1667837171.0
Anybody else just buying MSFT?,496,0.9,1652655576.0
"Payrolls rose 233,000 in December vs. Estimates of 200,000",487,0.93,1673012521.0
The Fed won't slow its rate hikes because the economy is still strong enough to take more tightening,487,0.93,1660309528.0
Effect of twitters collapse on TSLA?,488,0.79,1668753387.0
Big Tech earnings are about to determine the direction of the market,486,0.92,1658824803.0
Domino’s Pizza $DPZ is rolling out a fleet of 800 custom-branded 2023 Chevy Bolt electric vehicles $GM,484,0.95,1669034880.0
A consistent financial powerhouse- CVS beats earnings estimates again and raises guidance,483,0.9,1659524951.0
Intel Plans to Cut Thousands of Jobs in Face of PC Slowdown,478,0.97,1665527599.0
"Here is why Alzheimer's Drugs are Failing(Biogen, BIIB)",480,0.96,1658660137.0
"Google was rapidly hiring during COVID, but now is looking to cut personnel and reduce expenses as recession looms. Impact on stock price?",476,0.93,1663993469.0
Revlon (REV) Is Preparing to File for Bankruptcy,478,0.97,1655082070.0
GM offers buyouts to ‘majority’ of their U.S. salaried workers,476,0.96,1678374328.0
"Just a friendly reminder that nobody knows what is going to happen, hang in there!",469,0.93,1651423204.0
Chill on thinking every financial firm is out to get you and practice thinking critically,474,0.8,1656606725.0
"Sony is crushing Microsoft in gaming. Xbox hardware -13%, Services -12%, Revenue -13%, PS hardware +46%, Services +19%, Revenue +53%",475,0.88,1675390500.0
Elon Musk Tesla TSLA Tweet Trial Will Stay in San Francisco,471,0.91,1673652629.0
Amazon now generates about $38 billion in ad revenue (third-largest share of the U.S. digital ad market),469,0.96,1672943628.0
A word of advice to new users to this sub,468,0.91,1663126604.0
Intel cutting employee compensation to preserve cash as it struggles with a rapid drop in revenue and earnings,462,0.97,1675224255.0
"Bigger picture. If the Fed is unwinding $9 trillion, shouldn't the market slowly bleed to 2018 price levels at least?",462,0.89,1652049147.0
Microsoft earnings are out – here are the numbers,460,0.96,1658865844.0
CHIPS act passed - why $INTC still down?,454,0.82,1659121049.0
Goldman Sachs sees ‘high probability’ of OPEC cut — and expects oil prices to hit $110 next year,460,0.95,1669731017.0
Bill Gates Explains Why His Tesla Short Position Shouldn't Hurt Elon Musk,453,0.84,1654397245.0
Amazon takes $7.6 billion loss on Rivian stake after Rivian’s stock plunge,449,0.97,1651177791.0
Bill Gates short position pays dividends as Musk sells 8.5 Billion in Tesla stock to buy Twitter,454,0.72,1651331575.0
Why I Love GOOG and GOOGL,451,0.83,1673911483.0
Jeff Bezos keeps a 16-year-old framed magazine as a ‘reminder’ that Amazon’s most profitable service AWS was once just a ‘risky bet’,450,0.89,1653233998.0
Costco Wholesale Corporation. (COST) Stock Review 01/15/2023,443,0.94,1673792819.0
Vanguard Group swooped in and knocked Elon Musk off his top shareholder perch at Twitter,450,0.91,1649993389.0
Bloomberg: US Mortgage Rates Plunge to 5.3% in Biggest Drop Since 2008,447,0.93,1657205735.0
"A Summary Of What Is Happening In The UK With Pension Funds, Gilts, and Bank of England",448,0.97,1664555023.0
Palantir (PLTR) investor class action lawsuit,448,0.9,1663730622.0
Metaverse off to ominous start after VR headset sales shrank in 2022,442,0.92,1672262081.0
"Bank of England hikes interest rates by 50 basis points to 1.75%,warning the UK economy faces a long recession",439,0.95,1659619063.0
This week is going to be interesting!,444,0.95,1658105561.0
Twitter Board Unanimously Approves Elon Musk Takeover,439,0.92,1656024624.0
Cargo Shipowners Cancel Sailings as Global Trade Flips From Backlogs to Empty Containers,439,0.97,1664823964.0
The first green week in 7 weeks,443,0.94,1653661953.0
Polish stocks seem like a literal goldmine if you are looking for insane volumes of undervalued equities. And I can't see what the catch is.,445,0.85,1661841873.0
"I think the rally is temporary and an overreaction. The Fed ""news"" today was bad news.",435,0.83,1653530843.0
NVIDIA Announces Financial Results for Fourth Quarter and Fiscal 2023,437,0.96,1677103406.0
Meta repurchased shares at the exact wrong time in FY 2021. Now is the time for aggressive stock buybacks.,437,0.87,1672750541.0
This week might the most important week of the year!,431,0.95,1658718703.0
This time is really different - The Market is way oversold,428,0.79,1650761045.0
DraftKings stock surges after sports-betting company boosts outlook,436,0.92,1676651457.0
The Fed vowed to crush inflation with higher rates. Then the stock market rallied. Here’s why. (It’s not good news)- Interesting read,433,0.9,1659082069.0
There is no reason for a rally,432,0.72,1658165344.0
"If you invested $10k ten years ago in Berkshire B, SCHD, or VOO...the results may surprise you",432,0.88,1660328951.0
inputting each individual transaction in your taxes is ridiculous and tedious. This needs to be changed for small time investors,429,0.89,1649214320.0
Amazon warehouse unionized,429,0.88,1648935367.0
Apple (AAPL.US) plans to increase production in India and Vietnam,424,0.94,1653272301.0
Inflation Horror Show. The Fed has got a problem on its hands.,428,0.9,1677307637.0
"Meta Announces Hiring Freeze, Warns Employees of Restructuring",424,0.96,1664477074.0
"European Central Bank surprises markets with larger-than-expected rate hike, its first in 11 years",421,0.98,1658413694.0
"On June 29th the USA Gross Domestic Product (Third Estimate), 1st Quarter will be released",425,0.96,1656184510.0
Can anyone explain to me how door dash was unable to make a profit during Covid?,416,0.95,1652225330.0
AMD to Buy Cloud-Services Provider Pensando for $1.9 Billion,419,0.96,1649095931.0
Long term investing in a triple leverage S&P 500 ETF,418,0.91,1659778524.0
Investors Lose Trillions As Founders Run 16 Stocks Into The Ground,422,0.92,1670626481.0
$GOOGL vs $AMZN -You can only choose 1 to buy right now. Which do you choose? Why did you choose that & why didn’t you choose the other?,415,0.86,1661045580.0
"Walmart (WMT) agrees to purchase 4,500 EV's from Canoo (GOEV) shares up 100% in premarket.",412,0.94,1657633920.0
Fed funds futures traders now see a 21% chance of a 75-basis-point hike in June,420,0.97,1655054702.0
Carvana stock analysis and valuation - On a highway to bankruptcy?,414,0.92,1676234920.0
GOOG split 20:1,411,0.93,1651106526.0
"Amazon built like our pandemic-fueled shopping spree would never end. Now it has, and the company's shrinking.",411,0.9,1672845131.0
"Apple is turning your iPhone into fintech service taking on PayPal, Affirm and more",402,0.93,1654627445.0
"Paul T Jones says ""You should be 100% cash now!""",405,0.83,1651627483.0
The Fed’s preferred inflation gauge rose 4.9% in April in a sign that price increases could be slowing,405,0.92,1653658659.0
Tesla Reports Q2 Earnings,395,0.94,1658347837.0
"Looking back at 08', what do you wish you'd done?",403,0.9,1663499984.0
Remember my fellow accumulators. John Bogle said we should want a 50% market crash!,397,0.77,1647910137.0
"Have rental car prices increased 800%? how is Avis Budget CAR at $320 now, when in 2019 it was trading under $40. When short?",399,0.93,1651524651.0
"Tesla is about to deliver their first Tesla Semi December 1st ,2022",395,0.83,1666285558.0
"SoFI, they seem like just another bank",394,0.91,1660932622.0
Ford suspends F-150 Lightning production another week after battery fire,391,0.98,1677255681.0
Can we all agree this stock market is resilient?,388,0.74,1673041821.0
The Fear of Crashing,393,0.83,1665312859.0
"I have 20,000 USD and I want you opinion on what I should do with it",396,0.82,1649105760.0
Salesforce shares jump 13% after software company issues full-year forecast that beat estimates,395,0.93,1677705577.0
The $300bn Google-Meta advertising duopoly is under attack,391,0.91,1663530136.0
Why December CPI numbers are likely going to show deflation and why annualized inflation will rapidly approach 0 in 2023.,392,0.81,1671445056.0
"If META ad revenue is expected to decline, why do I feel like I am seeing more ads on its platforms?",385,0.84,1666452271.0
AMD misses but still ekes out 29% revenue growth,388,0.96,1667335023.0
Wells Fargo mortgage originations down 90% YoY - Mortgage staff brace for layoffs,386,0.95,1667801094.0
Microsoft beats quarterly revenue estimates on cloud boost,381,0.96,1666729385.0
"The doomsday scenario won’t happen. We will go down and then go back up, that’s just how cycles work.",378,0.76,1664616092.0
July inflation “sharply declined”,381,0.85,1659973955.0
I bought 47 Tesla shares 2 weeks ago. Is now a good time to sell?,382,0.73,1675128940.0
"Apple scales back self-driving car, delays launch to 2026",380,0.96,1670369184.0
"Amazon set to begin new round of layoffs affecting over 18,000 people",383,0.94,1674050578.0
"Inflation in Europe rises to record high, expected more ECB interest rate hikes (50bp),7.2 % France,9.3 % Germany, 9.9%, Italy 9.9%,UK 10.1%",383,0.97,1678282841.0
Alibaba shares rally 6% after massive earnings beat,374,0.88,1677155362.0
Paramount (PARA) - The Cheapest Stock in the Market,378,0.83,1667588063.0
SOFI earnings,374,0.93,1675081970.0
CPI tomorrow yet barely any news at all,377,0.95,1668017478.0
"FDIC Auction for SVB Said to Be Underway, Final Bids Due Sunday",373,0.98,1678637925.0
You can bet against Jim Cramer with a new ETF from the fund manager who already shorts Cathie Wood’s stock picks,368,0.93,1665215574.0
Let’s speculate on 100 baggers,373,0.88,1649425024.0
Rate My Portfolio - r/Stocks Quarterly Thread June 2022,379,0.99,1654074010.0
"Friend with Netflix is down more than 40%, I don't see Netflix recovering soon, my friend wants to sell, what's your best strategies?",369,0.9,1651654547.0
"The stocks with the biggest pre-market moves, PepsiCo, Intel, Philips, etc. Is that what you dreamed of last night?",368,0.93,1665580226.0
"It's Official, Gold has Passed ARKK on Its 5 Year returns",371,0.93,1652296630.0
"Tesla cuts prices in U.S., Germany in pivot to drive sales",367,0.95,1673588970.0
Apple Q4 EPS $1.29 Beats $1.26 Estimate,371,0.96,1666902699.0
AMD Earnings - beats on sales and profit but warns of a 10% revenue decline in Q1,371,0.97,1675200555.0
Is this a really good time to buy Amazon stock?,371,0.82,1673400776.0
Nvidia to Slow Hiring Amid Inflationary Environment,364,0.95,1653257909.0
"Boeing to hire 10,000 workers in 2023 as it ramps up production",358,0.97,1674861952.0
"Advanced Micro Devices Non-GAAP EPS of $1.05 beats by $0.01, revenue of $6.55B beats by $20M",357,0.96,1659471361.0
My stock portfolio is down 46% and still going. I’m holding on for dear life. Depression?,363,0.89,1652109290.0
What happens to the TWTR shares people own if Twitter agreed to Musk's 100% offer?,361,0.93,1649949249.0
If Charles Schwab or any brokerage were to go bankrupt what would happen to my stock portfolio with them?,359,0.92,1678567815.0
EPA sends General Notice of Potential Liability to Norfolk Southern ($NSC) for Ohio derailment,362,0.97,1676251066.0
Whatever happened to Cathie Wood? Never hear about her anymore.,357,0.82,1651076682.0
Tesla Faces U.S. Criminal Probe Over Self-driving Claims,355,0.83,1666813823.0
The US Senate has passed the CHIPS Act,356,0.94,1658947205.0
Fed critic Jeremy Siegel now says money supply indicates Fed in danger of doing too much,357,0.89,1653424093.0
"Tiger 21, an exclusive club of investors, says the ultra rich are doubling down on stocks",355,0.82,1660295008.0
"Nvidia falls short on guidance, stock down 9% after hours",355,0.95,1653511083.0
Coinbase down (another) -15% AH after disappointing earnings,355,0.95,1652214549.0
Google's CEO personally taking control of the company's A.I. strategy,357,0.95,1671813990.0
TSMC Sales Soar 44% in Another Sign of Resilient Tech Demand,348,0.94,1657281487.0
Twitter stock falls after weighs security review of Musk ventures,349,0.91,1666390194.0
ARK Invest doubles down on holdings despite recession by releasing very bullish projections: ZOOM to 1500usd & TSLA to 4300usd by 2026.,355,0.92,1655296132.0
What if recession never comes? JPM analyst calls for S&P ATHs by year end,350,0.81,1655292216.0
BBBY (Bed Bath & Beyond) - What Gives?,353,0.86,1653500190.0
"U.S. Accuses Google of Abusing Monopoly in Ad Technology, what the long term out look for GOOG?",348,0.94,1674664068.0
Collection of energy market articles suggest deepening Winter '22 energy crisis for Europe,349,0.91,1666533634.0
Microsoft to cut television advertising campaigns to save money as concerns grow that consumer spending is weakening.,345,0.98,1654887682.0
"Target profit hit hard by high costs, inventory problems and markdowns",349,0.96,1652870303.0
Apple Enters a Bear Market Today,348,0.9,1652377630.0
Reddit ETF progress from Jan 2021 to Apr 2022,346,0.97,1650649509.0
Fed's Powell: 'Soft landing' chances have narrowed,342,0.95,1667418236.0
Apple S&P500 influence more than entire energy or staples industry combined,345,0.93,1654711956.0
About the Hk and Chinese IPOs that went up nd down several thousand % How are they not restricted and investigated immediately.,347,0.93,1662017366.0
Is it possible the market might not recover for 15+ years like Japan?,340,0.8,1666614148.0
Can stocks really ever go to ZERO?,337,0.81,1659124682.0
Robinhood ($HOOD) is now trading under book value,342,0.81,1655128840.0
Ford lunches the F150 Lightning on Tuesday Ford first mass production electric pickup.,340,0.92,1650942332.0
"Core PCE, Fed's preferred gauge of inflation, rises to 4.9% YoY in August, above expectations of 4.7%",339,0.96,1664542011.0
Volkswagen announces five-year $193 billion investment plan as electrification gathers pace,341,0.95,1678793469.0
Annual inflation up to 9.9% in the Euro area (up to 10.9% in the EU),342,0.96,1666170880.0
What recession? Atlanta Fed GDPNow tracker boosts Q3 Estimate to 2.6% from 1.6%,343,0.84,1662062811.0
How significant is the Warner Discovery Stock plummet?,340,0.93,1661226964.0
Elon Musk's Twitter Buyout Is Reportedly in 'Serious Jeopardy',338,0.89,1657291971.0
Robinhood Lays Off 9% Of Full-Time Employees After Decline In Users,341,0.97,1651014089.0
"Elon Musk says he’s ‘not sure’ he’ll be able to buy Twitter after $43 billion bid, teases a plan B",343,0.88,1649959071.0
"IBM tops revenue estimates, says it will cut 3,900 jobs",340,0.96,1674699240.0
"Euro zone inflation falls for first time in 17 months, bolstering hopes for smaller ECB hike",334,0.94,1669807940.0
"WeTrade updates financial info for proposed $50M IPO, uplisting to Nasdaq",334,0.96,1657975746.0
HOOD: Robinhood to extend trading to 7am-8pm with intent to eventually allow 24/7.,335,0.7,1648571053.0
Help me understand the appeal of BRKB,331,0.87,1661086431.0
CPI 8.5% for the month of July,330,0.94,1660134737.0
[Forbes] Are we in a recession?,325,0.85,1671474124.0
Which has more debt - Home Depot or Lowes? The answer is not so obvious.,329,0.9,1661609191.0
Advice on ARKK position,326,0.85,1656267151.0
"Okta hack puts thousands of businesses on high alert - Okta lists Peloton, Sonos, T-Mobile, and the FCC among its 15,000 customers",323,0.96,1647961482.0
Time to sell NVDA?,328,0.82,1663335823.0
"10 Tesla Investors Lose $132.5 Billion From Musk's Twitter Fiasco. Interestingly, Musk sold $3.5 billion in tsla stock from 12-14.",328,0.86,1671120995.0
SoFi stock surges after earnings beat as company lifts forecast,325,0.94,1667302884.0
"To the people who think we're in a bull trap or a fake rally, can you describe your ideal conditions?",329,0.86,1660406848.0
Another massive rally in this Bear Market - Where do we go from here?,319,0.85,1668279472.0
Stay Calm During These Times,320,0.88,1650999788.0
"With Opec+ cutting their daily oil production, how do you believe the Fed will act?",317,0.93,1664987013.0
"Facebook-parent Meta planning more layoffs, to impact thousands: Report",322,0.96,1677085543.0
Tried seekingalpha and investing pro services for 1 year...,321,0.81,1671906454.0
US moves closer to recalling Tesla’s self-driving software,314,0.88,1654977959.0
FTC sues to block Microsoft’s acquisition of game giant Activision,319,0.97,1670526810.0
Microsoft Pushes AI-Powered Tools for Telecoms. It’s Targeting Amazon.,316,0.92,1677518528.0
MSFT GOOGL and AAPL are still all beating the market!,315,0.8,1667506225.0
Coinbase stock analysis and valuation - Is it going bankrupt? $COIN,319,0.86,1660484750.0
"Fed minutes show strong commitment to 0.50% rate hikes in June, July",316,0.97,1653504330.0
What are YOUR long term holds? And is a large percentage of it tech- why or why not?,317,0.93,1648667804.0
"First Republic Bank ($FRC) - $30bn in aid, is it now a buy?",315,0.85,1679058713.0
